country_code,year,gdp_growth,employment_rate,gdp_per_capita,industry_value,collected_at,source
AUT,2010,1.83709367680054,57.348,46903.7615854343,25.5349942466396,2024-12-15 23:41:59.566486,World Bank
BEL,2010,2.86429270764155,49.588,44184.946353964,20.8945803561766,2024-12-15 23:41:59.566486,World Bank
BGR,2010,1.55535951301474,47.902,6863.66706774052,23.7541772436849,2024-12-15 23:41:59.566486,World Bank
CYP,2010,2.28354499702917,60.248,31105.02734375,14.4791152125979,2024-12-15 23:41:59.566486,World Bank
CZE,2010,2.43490215904518,54.186,19960.0684872157,33.1707518651997,2024-12-15 23:41:59.566486,World Bank
DEU,2010,4.17988249873657,55.232,41572.4559481507,26.8488925284667,2024-12-15 23:41:59.566486,World Bank
DNK,2010,1.87099114718497,58.579,58041.3984363385,19.7049241450312,2024-12-15 23:41:59.566486,World Bank
ESP,2010,0.162919517758226,47.518,30532.4805081656,23.1597758571989,2024-12-15 23:41:59.566486,World Bank
EST,2010,2.44426511799784,50.302,14663.0446126465,24.4012405313225,2024-12-15 23:41:59.566486,World Bank
FIN,2010,3.18595865407703,54.822,46505.3031791811,26.1582944887665,2024-12-15 23:41:59.566486,World Bank
FRA,2010,1.94943762312663,51.03,40676.0647913181,17.8457356302771,2024-12-15 23:41:59.566486,World Bank
GRC,2010,-5.47780804926842,46.193,26716.6488260274,14.9012223276549,2024-12-15 23:41:59.566486,World Bank
HRV,2010,-1.22486414117947,46.47,13697.4521970764,21.3081577010976,2024-12-15 23:41:59.566486,World Bank
HUN,2010,1.0762540427767,44.761,13217.5045951108,25.1999038169527,2024-12-15 23:41:59.566486,World Bank
IRL,2010,1.68297202204354,53.504,48663.6004439251,23.339480642595,2024-12-15 23:41:59.566486,World Bank
ITA,2010,1.71329583916922,44.17,36035.6449950691,21.8657608357681,2024-12-15 23:41:59.566486,World Bank
LTU,2010,1.65124065328366,46.259,11987.508411647,26.1980978484105,2024-12-15 23:41:59.566486,World Bank
LUX,2010,3.76041359255095,55.184,110885.991378721,10.997972653402,2024-12-15 23:41:59.566486,World Bank
LVA,2010,-4.455567259981,47.41,11420.9940032836,20.4458043407832,2024-12-15 23:41:59.566486,World Bank
MLT,2010,5.5436400107222,46.317,21798.9142935915,17.5662626158199,2024-12-15 23:41:59.566486,World Bank
NLD,2010,1.34273933636553,61.604,50999.7451168879,19.6942365849118,2024-12-15 23:41:59.566486,World Bank
POL,2010,2.93463818052832,50.589,12504.2501856093,29.6751600704979,2024-12-15 23:41:59.566486,World Bank
PRT,2010,1.73762547590566,54.636,22520.6423124045,19.9500938637987,2024-12-15 23:41:59.566486,World Bank
ROU,2010,-3.90123628018621,51.051,8397.80917311457,38.315212211358,2024-12-15 23:41:59.566486,World Bank
SVK,2010,6.71663274983085,50.518,16908.8479564876,30.6190827137553,2024-12-15 23:41:59.566486,World Bank
SVN,2010,1.34374847220215,54.893,23532.4808545468,26.5060887705994,2024-12-15 23:41:59.566486,World Bank
SWE,2010,5.95210700755608,57.833,52869.0442891587,23.7527287054638,2024-12-15 23:41:59.566486,World Bank
AUT,2011,2.92279728368581,57.559,51442.2762464407,25.4474320432043,2024-12-15 23:41:59.566486,World Bank
BEL,2011,1.69451389861332,49.402,47410.5669277464,20.7778964049581,2024-12-15 23:41:59.566486,World Bank
BGR,2011,2.09017569644121,46.597,7857.16706984441,25.0301012066171,2024-12-15 23:41:59.566486,World Bank
CYP,2011,0.416712762832276,58.734,32485.802734375,12.7453642913525,2024-12-15 23:41:59.566486,World Bank
CZE,2011,1.76035962445222,54.351,21871.2660754128,33.6505738219241,2024-12-15 23:41:59.566486,World Bank
DEU,2011,3.92519270463411,56.593,46705.8957963353,27.0689719182049,2024-12-15 23:41:59.566486,World Bank
DNK,2011,1.33677776690328,58.151,61753.647131977,20.2546986056117,2024-12-15 23:41:59.566486,World Bank
ESP,2011,-0.814384776648922,46.654,31677.9003083652,22.0811402539851,2024-12-15 23:41:59.566486,World Bank
EST,2011,7.26308458128695,53.66,17487.8047830922,25.7223970178308,2024-12-15 23:41:59.566486,World Bank
FIN,2011,2.54766483842627,55.198,51148.9316365833,25.0310609198073,2024-12-15 23:41:59.566486,World Bank
FRA,2011,2.19270063266654,50.858,43846.4660764798,17.978166208294,2024-12-15 23:41:59.566486,World Bank
GRC,2011,-10.1493148298685,42.758,25483.8825644931,14.377117800521,2024-12-15 23:41:59.566486,World Bank
HRV,2011,-0.0582469257747107,44.748,14664.3690796915,21.4829636993165,2024-12-15 23:41:59.566486,World Bank
HUN,2011,1.86683747544298,45.008,14234.471576937,25.1041043160322,2024-12-15 23:41:59.566486,World Bank
IRL,2011,1.28075209135081,52.449,52219.7057327581,24.0911763233612,2024-12-15 23:41:59.566486,World Bank
ITA,2011,0.707333347034435,44.115,38649.6394836789,21.7497036250001,2024-12-15 23:41:59.566486,World Bank
LTU,2011,6.03900816040344,48.416,14376.9478643932,28.0787490107662,2024-12-15 23:41:59.566486,World Bank
LUX,2011,1.04429869455731,54.768,119025.057203467,10.7084382796237,2024-12-15 23:41:59.566486,World Bank
LVA,2011,2.57371236333377,49.034,13338.9622350852,20.7232551973706,2024-12-15 23:41:59.566486,World Bank
MLT,2011,0.467050564252716,47.35,23155.103527089,16.3378783436449,2024-12-15 23:41:59.566486,World Bank
NLD,2011,1.55118931244651,61.326,54230.3129029852,20.0661480812905,2024-12-15 23:41:59.566486,World Bank
POL,2011,5.04218788292943,50.78,13776.3883624327,30.4632794834843,2024-12-15 23:41:59.566486,World Bank
PRT,2011,-1.69616478061504,52.82,23217.2954965207,19.3449680402193,2024-12-15 23:41:59.566486,World Bank
ROU,2011,4.51708696433914,50.225,9560.15942530942,40.2120866827554,2024-12-15 23:41:59.566486,World Bank
SVK,2011,2.67145277909515,50.777,18509.7402157541,30.4842071513652,2024-12-15 23:41:59.566486,World Bank
SVN,2011,0.861327732719303,53.198,25128.0150431304,26.8088279393627,2024-12-15 23:41:59.566486,World Bank
SWE,2011,3.1953332348894,58.727,60755.7595508465,23.6323618761744,2024-12-15 23:41:59.566486,World Bank
AUT,2012,0.680445576816723,57.672,48564.9173350875,25.6339685320435,2024-12-15 23:41:59.566486,World Bank
BEL,2012,0.739217283058679,49.235,44670.5606845101,20.075240558224,2024-12-15 23:41:59.566486,World Bank
BGR,2012,0.748814802957327,46.567,7430.7373804242,25.3837646988557,2024-12-15 23:41:59.566486,World Bank
CYP,2012,-3.44738142393619,55.948,28991.9296875,11.7579803042486,2024-12-15 23:41:59.566486,World Bank
CZE,2012,-0.785004299003617,54.547,19870.8012123403,32.9223275042358,2024-12-15 23:41:59.566486,World Bank
DEU,2012,0.418497594217598,56.838,43855.8544658618,27.2839861436413,2024-12-15 23:41:59.566486,World Bank
DNK,2012,0.226499791802965,57.45,58507.5080517852,20.3979173208941,2024-12-15 23:41:59.566486,World Bank
ESP,2012,-2.95892213230024,44.666,28322.9465923276,21.0345416175284,2024-12-15 23:41:59.566486,World Bank
EST,2012,3.22820049358981,55.063,17403.2053254767,25.2663969813161,2024-12-15 23:41:59.566486,World Bank
FIN,2012,-1.39754572817782,55.111,47708.0612784469,23.3787810204092,2024-12-15 23:41:59.566486,World Bank
FRA,2012,0.313134751077172,50.724,40870.8523645734,17.8685506155676,2024-12-15 23:41:59.566486,World Bank
GRC,2012,-7.08669678638024,39.067,21912.9982879517,14.8047764314799,2024-12-15 23:41:59.566486,World Bank
HRV,2012,-2.29825501176262,43.187,13452.9759027717,21.0717971136168,2024-12-15 23:41:59.566486,World Bank
HUN,2012,-1.25022602347063,45.715,12984.8365730133,25.0181995280762,2024-12-15 23:41:59.566486,World Bank
IRL,2012,-0.129692110994981,52.117,48943.8206459561,23.7697011182839,2024-12-15 23:41:59.566486,World Bank
ITA,2012,-2.98090576823772,43.853,35051.5212697703,21.3450699035872,2024-12-15 23:41:59.566486,World Bank
LTU,2012,3.84386474906337,49.909,14367.709424872,28.0159992035956,2024-12-15 23:41:59.566486,World Bank
LUX,2012,1.64990202978652,55.73,112584.676270958,10.4267187903737,2024-12-15 23:41:59.566486,World Bank
LVA,2012,7.04224716054507,50.741,13847.3379393194,20.621365502586,2024-12-15 23:41:59.566486,World Bank
MLT,2012,4.11770637605775,48.742,22526.5370208632,14.9253248027518,2024-12-15 23:41:59.566486,World Bank
NLD,2012,-1.03035399148436,61.217,50070.1416045904,20.0181939028985,2024-12-15 23:41:59.566486,World Bank
POL,2012,1.54522157125609,50.81,13010.7555868425,30.2924403762791,2024-12-15 23:41:59.566486,World Bank
PRT,2012,-4.05729360769561,50.8,20563.7136012629,19.1134782639465,2024-12-15 23:41:59.566486,World Bank
ROU,2012,1.92499326240754,50.902,8930.72991164974,34.4246539379821,2024-12-15 23:41:59.566486,World Bank
SVK,2012,1.31880224556281,50.938,17498.3539002594,30.8207291215443,2024-12-15 23:41:59.566486,World Bank
SVN,2012,-2.63943875676689,52.458,22641.805122503,27.3945893766499,2024-12-15 23:41:59.566486,World Bank
SWE,2012,-0.588304568990736,58.741,58037.8213192173,23.0032652201953,2024-12-15 23:41:59.566486,World Bank
AUT,2013,0.0255047121972183,57.535,50731.1272541847,25.5249417894219,2024-12-15 23:41:59.566486,World Bank
BEL,2013,0.459242192907709,49.045,46757.9518559598,19.8791997556506,2024-12-15 23:41:59.566486,World Bank
BGR,2013,-0.542751313085674,46.925,7687.71368243317,23.5074812631202,2024-12-15 23:41:59.566486,World Bank
CYP,2013,-6.58748225683094,53.249,27797.453125,10.749267225806,2024-12-15 23:41:59.566486,World Bank
CZE,2013,-0.0459036735515213,55.16,20133.1691431353,32.6460705062336,2024-12-15 23:41:59.566486,World Bank
DEU,2013,0.437591303144671,57.194,46298.9229177341,26.7826133352304,2024-12-15 23:41:59.566486,World Bank
DNK,2013,0.933340972371226,56.887,61191.1937042028,20.0618073480166,2024-12-15 23:41:59.566486,World Bank
ESP,2013,-1.40334186790638,43.614,29077.1820557563,20.2649809881089,2024-12-15 23:41:59.566486,World Bank
EST,2013,1.45842863615992,55.919,19056.0019226989,25.3499960657369,2024-12-15 23:41:59.566486,World Bank
FIN,2013,-0.901696316194844,54.256,49892.2233632732,23.3216360530733,2024-12-15 23:41:59.566486,World Bank
FRA,2013,0.576326674771792,50.838,42602.7179652667,17.9718012893511,2024-12-15 23:41:59.566486,World Bank
GRC,2013,-2.51599722189651,37.381,21787.7877636035,15.0599468391864,2024-12-15 23:41:59.566486,World Bank
HRV,2013,-0.306838201985599,42.07,14002.2381023542,20.5462155581653,2024-12-15 23:41:59.566486,World Bank
HUN,2013,1.80252210082266,46.615,13715.0703590361,25.0490784712906,2024-12-15 23:41:59.566486,World Bank
IRL,2013,1.17461437395743,53.453,51496.9616850661,23.800457802454,2024-12-15 23:41:59.566486,World Bank
ITA,2013,-1.84106545088248,42.862,35560.0814062288,21.1724585185577,2024-12-15 23:41:59.566486,World Bank
LTU,2013,3.55007284270488,51.045,15729.6524666512,27.3948936716951,2024-12-15 23:41:59.566486,World Bank
LUX,2013,3.17179049916005,55.916,120000.140729859,10.4429419766443,2024-12-15 23:41:59.566486,World Bank
LVA,2013,2.00796687876637,52.376,15007.4918561719,20.1007604286956,2024-12-15 23:41:59.566486,World Bank
MLT,2013,5.47335591422899,50.388,24769.5962287121,14.5871801601774,2024-12-15 23:41:59.566486,World Bank
NLD,2013,-0.130175288449919,60.248,52198.8975607454,19.3341640636947,2024-12-15 23:41:59.566486,World Bank
POL,2013,0.85655708060645,50.727,13558.3411314221,28.7348339944274,2024-12-15 23:41:59.566486,World Bank
PRT,2013,-0.922644674527888,49.683,21653.1959752225,18.86789482519,2024-12-15 23:41:59.566486,World Bank
ROU,2013,0.269963878633803,50.658,9497.20647561211,32.0741877530961,2024-12-15 23:41:59.566486,World Bank
SVK,2013,0.632740007294188,50.862,18276.0095516546,28.6486439030417,2024-12-15 23:41:59.566486,World Bank
SVN,2013,-1.02928277204056,51.463,23503.2824850255,27.4889544680464,2024-12-15 23:41:59.566486,World Bank
SWE,2013,1.187775715906,59.123,61126.9431963979,22.0683391272751,2024-12-15 23:41:59.566486,World Bank
AUT,2014,0.661272848852605,57.164,51786.3771747905,25.3646396008814,2024-12-15 23:41:59.566486,World Bank
BEL,2014,1.57853314322614,48.951,47764.0715120833,19.6748264840511,2024-12-15 23:41:59.566486,World Bank
BGR,2014,0.949448520821818,47.957,7912.27484371138,23.4443018802846,2024-12-15 23:41:59.566486,World Bank
CYP,2014,-1.77606191187711,53.489,27244.34375,9.97287104885208,2024-12-15 23:41:59.566486,World Bank
CZE,2014,2.26210289708078,55.686,19890.9199056648,33.8393507611777,2024-12-15 23:41:59.566486,World Bank
DEU,2014,2.20954343134872,57.402,48023.8699845462,27.0109959930724,2024-12-15 23:41:59.566486,World Bank
DNK,2014,1.61939381103033,57.015,62548.9847332908,19.7849958878059,2024-12-15 23:41:59.566486,World Bank
ESP,2014,1.39577536727975,44.261,29513.6511800405,20.063567200719,2024-12-15 23:41:59.566486,World Bank
EST,2014,3.01136658651455,56.502,20261.0667303886,24.7726507073494,2024-12-15 23:41:59.566486,World Bank
FIN,2014,-0.364908156882066,53.821,50327.2402902632,23.0974832887862,2024-12-15 23:41:59.566486,World Bank
FRA,2014,0.956183052371557,50.339,43068.5487241739,17.7459396724758,2024-12-15 23:41:59.566486,World Bank
GRC,2014,0.475695947137041,37.706,21616.7100094908,14.1196677812184,2024-12-15 23:41:59.566486,World Bank
HRV,2014,-0.341682629892162,43.307,14035.8597369389,20.7204258720464,2024-12-15 23:41:59.566486,World Bank
HUN,2014,4.23220980614269,49.283,14294.2584180751,25.6905388607799,2024-12-15 23:41:59.566486,World Bank
IRL,2014,8.828998727303,54.426,55752.7649838131,24.4531448927711,2024-12-15 23:41:59.566486,World Bank
ITA,2014,-0.00454754236383792,42.839,35565.7213771496,20.7984291070401,2024-12-15 23:41:59.566486,World Bank
LTU,2014,3.53700987901611,52.504,16551.018202078,27.5077238210517,2024-12-15 23:41:59.566486,World Bank
LUX,2014,2.62308601577192,56.565,123678.702143275,10.810880633632,2024-12-15 23:41:59.566486,World Bank
LVA,2014,1.90217268380506,52.839,15742.3913381908,18.938518997154,2024-12-15 23:41:59.566486,World Bank
MLT,2014,7.6335384644276,51.745,26753.2733830814,12.9888437995467,2024-12-15 23:41:59.566486,World Bank
NLD,2014,1.42339539510084,59.612,52900.537415323,18.4123533265829,2024-12-15 23:41:59.566486,World Bank
POL,2014,3.83695849351797,51.801,14181.9486817352,29.995789602435,2024-12-15 23:41:59.566486,World Bank
PRT,2014,0.792190301875365,50.635,22103.7009703321,18.9367801464576,2024-12-15 23:41:59.566486,World Bank
ROU,2014,4.12067496319813,51.139,10031.3421526698,32.5714137918456,2024-12-15 23:41:59.566486,World Bank
SVK,2014,2.69718980707125,52.811,18719.9881409371,30.5233505220987,2024-12-15 23:41:59.566486,World Bank
SVN,2014,2.76815883065036,52.101,24247.1733184083,28.1368465759898,2024-12-15 23:41:59.566486,World Bank
SWE,2014,2.65779827531642,59.323,60020.3604576572,21.7861212754181,2024-12-15 23:41:59.566486,World Bank
AUT,2015,1.01450158590511,57.113,44195.8175947748,25.174913250307,2024-12-15 23:41:59.566486,World Bank
BEL,2015,2.04145900919961,48.789,41008.296719472,19.6698883181098,2024-12-15 23:41:59.566486,World Bank
BGR,2015,3.39755387590648,49.128,7078.86032298969,24.0301394911987,2024-12-15 23:41:59.566486,World Bank
CYP,2015,3.41892318781653,53.004,23487.21875,10.1909407482203,2024-12-15 23:41:59.566486,World Bank
CZE,2015,5.38838083815307,56.419,17829.6983223668,33.7818228045362,2024-12-15 23:41:59.566486,World Bank
DEU,2015,1.49193152760772,57.39,41103.2564363768,27.1097885783397,2024-12-15 23:41:59.566486,World Bank
DNK,2015,2.34259110757047,57.469,53254.8563700916,19.9874545918162,2024-12-15 23:41:59.566486,World Bank
ESP,2015,3.83851887667484,45.563,25754.36102944,20.0736115285152,2024-12-15 23:41:59.566486,World Bank
EST,2015,1.85302004629342,58.131,17402.0376128079,23.8632815419554,2024-12-15 23:41:59.566486,World Bank
FIN,2015,0.543659211765487,53.381,42801.9081167285,23.305816401353,2024-12-15 23:41:59.566486,World Bank
FRA,2015,1.1129123405747,50.258,36652.9223052178,17.6796917075443,2024-12-15 23:41:59.566486,World Bank
GRC,2015,-0.196087629724133,38.577,18083.8779056547,14.4993252011836,2024-12-15 23:41:59.566486,World Bank
HRV,2015,2.54912963456138,44.198,12135.1036186683,20.4868947526399,2024-12-15 23:41:59.566486,World Bank
HUN,2015,3.7073159793626,50.785,12717.038597002,26.3832312418632,2024-12-15 23:41:59.566486,World Bank
IRL,2015,24.4752533362377,55.694,62179.2642662951,38.2555432187049,2024-12-15 23:41:59.566486,World Bank
ITA,2015,0.778304350716581,43.143,30242.3861352184,20.8563842801091,2024-12-15 23:41:59.566486,World Bank
LTU,2015,2.02458395469182,53.653,14263.9645773495,26.7180600025202,2024-12-15 23:41:59.566486,World Bank
LUX,2015,2.26978448419565,55.979,105462.012584423,11.539623433831,2024-12-15 23:41:59.566486,World Bank
LVA,2015,3.88526005426763,54.141,13786.4567953114,19.1035688161456,2024-12-15 23:41:59.566486,World Bank
MLT,2015,9.6081323482308,52.428,24921.7141769982,12.2935952815272,2024-12-15 23:41:59.566486,World Bank
NLD,2015,1.95916972105708,59.957,45193.4032187971,18.1860210316402,2024-12-15 23:41:59.566486,World Bank
POL,2015,4.38329863507276,52.503,12560.051419682,31.1151528159197,2024-12-15 23:41:59.566486,World Bank
PRT,2015,1.79204604555983,51.287,19250.1065376852,19.4643821268536,2024-12-15 23:41:59.566486,World Bank
ROU,2015,3.16050387041089,50.826,8976.9544892648,30.8120232923291,2024-12-15 23:41:59.566486,World Bank
SVK,2015,5.16718160614154,52.814,16390.8821748507,30.5718722081488,2024-12-15 23:41:59.566486,World Bank
SVN,2015,2.21008160650594,52.179,20890.1664304173,28.0267665716727,2024-12-15 23:41:59.566486,World Bank
SWE,2015,4.48928158790491,59.779,51545.4836095322,22.1580717620356,2024-12-15 23:41:59.566486,World Bank
AUT,2016,1.98943716230463,57.426,45307.5878620429,25.476804975952,2024-12-15 23:41:59.566486,World Bank
BEL,2016,1.26668640902095,48.951,42012.6227191016,19.2882202670028,2024-12-15 23:41:59.566486,World Bank
BGR,2016,3.02662839224124,49.293,7570.93165511708,24.4597736962039,2024-12-15 23:41:59.566486,World Bank
CYP,2016,6.57358020185954,53.325,24715.142578125,10.8365096201625,2024-12-15 23:41:59.566486,World Bank
CZE,2016,2.5372845203138,57.553,18575.2320271915,33.4093272846707,2024-12-15 23:41:59.566486,World Bank
DEU,2016,2.22999986782015,58.487,42136.1207907991,27.5685064790062,2024-12-15 23:41:59.566486,World Bank
DNK,2016,3.24595698524396,57.957,54663.9983719195,20.6686168257458,2024-12-15 23:41:59.566486,World Bank
ESP,2016,3.03777414172446,46.785,26537.1594894542,19.9925521796091,2024-12-15 23:41:59.566486,World Bank
EST,2016,3.15556481438308,58.403,18295.3429322114,24.0475383611575,2024-12-15 23:41:59.566486,World Bank
FIN,2016,2.81145776663433,53.414,43814.0265056965,23.4973657352495,2024-12-15 23:41:59.566486,World Bank
FRA,2016,1.09546440372048,50.303,37062.5335723829,17.4341320487761,2024-12-15 23:41:59.566486,World Bank
GRC,2016,-0.487173294301954,39.261,17923.9668134716,14.5320185356788,2024-12-15 23:41:59.566486,World Bank
HRV,2016,3.6491975253731,44.597,12634.3195701712,20.454941337694,2024-12-15 23:41:59.566486,World Bank
HUN,2016,2.20100189293856,52.606,13104.6995457458,25.4924908026605,2024-12-15 23:41:59.566486,World Bank
IRL,2016,1.76555687937534,56.976,62784.0656875694,36.7625510501739,2024-12-15 23:41:59.566486,World Bank
ITA,2016,1.29346273155907,43.713,30960.7315088902,21.2179443783853,2024-12-15 23:41:59.566486,World Bank
LTU,2016,2.51882827307178,55.515,15008.3132445526,25.9447153605225,2024-12-15 23:41:59.566486,World Bank
LUX,2016,4.97819043681629,55.205,106899.293549552,12.0959325625638,2024-12-15 23:41:59.566486,World Bank
LVA,2016,2.36861474664423,54.596,14331.7515885049,18.5195892811901,2024-12-15 23:41:59.566486,World Bank
MLT,2016,3.38145047586738,53.913,25623.9416320597,12.3425622899506,2024-12-15 23:41:59.566486,World Bank
NLD,2016,2.19171371926123,60.238,46039.1059284098,17.637508699955,2024-12-15 23:41:59.566486,World Bank
POL,2016,2.95350884167718,53.412,12378.8128106111,30.7680477874817,2024-12-15 23:41:59.566486,World Bank
PRT,2016,2.01948539561312,51.98,19991.9724878805,19.3279610326808,2024-12-15 23:41:59.566486,World Bank
ROU,2016,2.8575460568877,50.551,9404.38125929526,30.1218933665055,2024-12-15 23:41:59.566486,World Bank
SVK,2016,1.94395086102337,54.264,16563.4404971229,29.3416393243962,2024-12-15 23:41:59.566486,World Bank
SVN,2016,3.19185251782498,52.07,21678.3594670629,27.9656586171174,2024-12-15 23:41:59.566486,World Bank
SWE,2016,2.07059315052096,60.303,51965.1571531985,21.7132563735113,2024-12-15 23:41:59.566486,World Bank
AUT,2017,2.25857243250671,57.703,47429.1584564387,25.4118677707583,2024-12-15 23:41:59.566486,World Bank
BEL,2017,1.6195802783878,50.023,44198.4823908691,19.2353624906499,2024-12-15 23:41:59.566486,World Bank
BGR,2017,2.74592725876734,51.94,8381.88134621669,23.9892951281784,2024-12-15 23:41:59.566486,World Bank
CYP,2017,5.73347613913472,54.823,26697.005859375,11.3433874666571,2024-12-15 23:41:59.566486,World Bank
CZE,2017,5.16872430413071,58.48,20636.199952435,32.7082970127827,2024-12-15 23:41:59.566486,World Bank
DEU,2017,2.68023111405891,58.915,44652.5891722719,27.462322016675,2024-12-15 23:41:59.566486,World Bank
DNK,2017,2.82173634129026,58.122,57610.0981801135,20.7432378422377,2024-12-15 23:41:59.566486,World Bank
ESP,2017,2.97576072924863,47.866,28185.3213671969,20.0456433248573,2024-12-15 23:41:59.566486,World Bank
EST,2017,5.79204467466494,59.818,20437.765376736,23.9988866145101,2024-12-15 23:41:59.566486,World Bank
FIN,2017,3.19240962968416,53.761,46412.1364777169,24.4006875798163,2024-12-15 23:41:59.566486,World Bank
FRA,2017,2.29141999417021,50.404,38781.0494870836,17.241152651745,2024-12-15 23:41:59.566486,World Bank
GRC,2017,1.09214912017283,40.214,18582.0893411631,13.7286938837213,2024-12-15 23:41:59.566486,World Bank
HRV,2017,3.36480330584141,45.825,13655.4798216229,20.0644357329194,2024-12-15 23:41:59.566486,World Bank
HUN,2017,4.27197601620695,53.711,14621.2395956755,25.1696808716092,2024-12-15 23:41:59.566486,World Bank
IRL,2017,9.31125930624903,57.821,70150.7370157965,36.0460535084463,2024-12-15 23:41:59.566486,World Bank
ITA,2017,1.66785904106857,44.226,32406.7203150134,21.3004050229852,2024-12-15 23:41:59.566486,World Bank
LTU,2017,4.28259695120761,56.334,16885.4073948373,25.8963432866412,2024-12-15 23:41:59.566486,World Bank
LUX,2017,1.31718766293677,56.036,110193.213797228,10.8183368591649,2024-12-15 23:41:59.566486,World Bank
LVA,2017,3.31247593587459,55.526,15695.1151541059,19.0466221765712,2024-12-15 23:41:59.566486,World Bank
MLT,2017,10.8692692319326,55.438,28813.1853396512,11.7418427764888,2024-12-15 23:41:59.566486,World Bank
NLD,2017,2.91090251315005,60.912,48675.2223350213,17.7031373197172,2024-12-15 23:41:59.566486,World Bank
POL,2017,5.14001757409446,54.366,13815.501164767,28.8624032552045,2024-12-15 23:41:59.566486,World Bank
PRT,2017,3.5063452848124,53.712,21490.429863104,19.1172658186866,2024-12-15 23:41:59.566486,World Bank
ROU,2017,8.19650650309624,52.231,10727.9708633184,29.1102472148073,2024-12-15 23:41:59.566486,World Bank
SVK,2017,2.93806867784903,55.088,17585.197002257,28.7240360583021,2024-12-15 23:41:59.566486,World Bank
SVN,2017,4.81538063231366,54.591,23514.0254604147,28.342516841896,2024-12-15 23:41:59.566486,World Bank
SWE,2017,2.56792452526476,60.877,53791.5087298403,22.1283718774148,2024-12-15 23:41:59.566486,World Bank
AUT,2018,2.42538536088061,58.297,51466.5565633634,25.3664293905671,2024-12-15 23:41:59.566486,World Bank
BEL,2018,1.79294519302076,50.966,47544.9811472757,18.9339307746014,2024-12-15 23:41:59.566486,World Bank
BGR,2018,2.69490655338835,52.438,9447.65589681469,22.4146293879222,2024-12-15 23:41:59.566486,World Bank
CYP,2018,5.647664895964,57.178,29419.88671875,12.1691092934079,2024-12-15 23:41:59.566486,World Bank
CZE,2018,3.22008806955105,59.197,23424.4804601855,31.7708544140094,2024-12-15 23:41:59.566486,World Bank
DEU,2018,0.981232606004738,59.209,47939.2782884504,27.3062740495328,2024-12-15 23:41:59.566486,World Bank
DNK,2018,1.98953731496432,58.649,61591.9288698958,20.8244932866501,2024-12-15 23:41:59.566486,World Bank
ESP,2018,2.28446941947622,48.776,30379.7211126422,19.8659477563402,2024-12-15 23:41:59.566486,World Bank
EST,2018,3.78420084952826,60.233,23165.8494786437,24.0241659627792,2024-12-15 23:41:59.566486,World Bank
FIN,2018,1.1397180134305,55.03,49987.6261584968,23.9961963831373,2024-12-15 23:41:59.566486,World Bank
FRA,2018,1.86506607081999,50.603,41557.8548588876,17.188379329634,2024-12-15 23:41:59.566486,World Bank
GRC,2018,1.66842863602514,41.165,19756.990456255,13.6284382517849,2024-12-15 23:41:59.566486,World Bank
HRV,2018,2.98337691293294,46.875,15132.9554012394,19.6874389811227,2024-12-15 23:41:59.566486,World Bank
HUN,2018,5.36234836176223,54.417,16425.2050299693,25.0848220572613,2024-12-15 23:41:59.566486,World Bank
IRL,2018,8.47029545192876,58.592,79446.9391085469,36.7803675727397,2024-12-15 23:41:59.566486,World Bank
ITA,2018,0.925810941012742,44.623,34622.1696664741,21.4501517225557,2024-12-15 23:41:59.566486,World Bank
LTU,2018,3.99331032795327,57.729,19186.359591641,25.6191060108105,2024-12-15 23:41:59.566486,World Bank
LUX,2018,1.21932191856359,56.533,116786.511654677,10.9806523373367,2024-12-15 23:41:59.566486,World Bank
LVA,2018,3.99051924069269,56.887,17865.0310947642,18.6596036517809,2024-12-15 23:41:59.566486,World Bank
MLT,2018,7.41626982344488,57.501,31785.8848300917,11.9062698232304,2024-12-15 23:41:59.566486,World Bank
NLD,2018,2.36091509478513,61.808,53044.5324352253,17.8057254191608,2024-12-15 23:41:59.566486,World Bank
POL,2018,5.94520847705498,54.908,15504.5075062692,28.7573136403095,2024-12-15 23:41:59.566486,World Bank
PRT,2018,2.84932593436179,54.978,23562.5545228191,19.2993079718,2024-12-15 23:41:59.566486,World Bank
ROU,2018,6.02901904128214,52.676,12494.4235789649,28.9186708716235,2024-12-15 23:41:59.566486,World Bank
SVK,2018,4.03038971425349,55.898,19486.3936845505,29.3040678314195,2024-12-15 23:41:59.566486,World Bank
SVN,2018,4.45436574721896,55.803,26123.7471277911,28.3031431227637,2024-12-15 23:41:59.566486,World Bank
SWE,2018,1.95002284569983,61.32,54589.0603860606,22.0024372937424,2024-12-15 23:41:59.566486,World Bank
AUT,2019,1.45052918393192,58.514,50067.5857265892,25.2045293333185,2024-12-15 23:41:59.566486,World Bank
BEL,2019,2.24083533103139,51.475,46641.7214017087,19.2593657257244,2024-12-15 23:41:59.566486,World Bank
BGR,2019,4.03518894662498,54.187,9874.33632625168,21.6948207439409,2024-12-15 23:41:59.566486,World Bank
CYP,2019,5.53725481070528,58.514,29419.9921875,12.9529274427744,2024-12-15 23:41:59.566486,World Bank
CZE,2019,3.02987866345279,59.16,23664.8478631108,31.5302362186778,2024-12-15 23:41:59.566486,World Bank
DEU,2019,1.07547163576423,59.976,46805.1384334439,26.9911142709931,2024-12-15 23:41:59.566486,World Bank
DNK,2019,1.49348695853648,59.239,59592.9806886454,20.708938087057,2024-12-15 23:41:59.566486,World Bank
ESP,2019,1.9839662230883,49.406,29581.5185513299,20.0416214041925,2024-12-15 23:41:59.566486,World Bank
EST,2019,4.03368839094283,60.606,23581.656836882,23.0335681142788,2024-12-15 23:41:59.566486,World Bank
FIN,2019,1.22474892206223,55.421,48629.8582283032,23.8782946576725,2024-12-15 23:41:59.566486,World Bank
FRA,2019,1.84297181445896,50.622,40494.8982936276,17.4246759666644,2024-12-15 23:41:59.566486,World Bank
GRC,2019,1.87948998590817,42.28,19143.8876174584,13.3546849293509,2024-12-15 23:41:59.566486,World Bank
HRV,2019,3.44274248042554,47.717,15218.5258037621,19.7575686238913,2024-12-15 23:41:59.566486,World Bank
HUN,2019,4.86422573511891,54.927,16786.2136399075,24.7117816607969,2024-12-15 23:41:59.566486,World Bank
IRL,2019,5.2977280259237,59.254,80848.3019020489,35.3148022025282,2024-12-15 23:41:59.566486,World Bank
ITA,2019,0.483198316597154,44.926,33673.7509627421,21.5270098742186,2024-12-15 23:41:59.566486,World Bank
LTU,2019,4.6656783812234,58.023,19615.5491450175,25.3278916550039,2024-12-15 23:41:59.566486,World Bank
LUX,2019,2.9158479150005,57.26,112726.439672814,11.5988958079178,2024-12-15 23:41:59.566486,World Bank
LVA,2019,0.587502383494098,57.366,17883.3494113217,18.919215596024,2024-12-15 23:41:59.566486,World Bank
MLT,2019,7.1242612165712,58.565,31751.1811756369,12.4516419302708,2024-12-15 23:41:59.566486,World Bank
NLD,2019,1.95558841574046,62.59,52476.2732533327,17.5622805345272,2024-12-15 23:41:59.566486,World Bank
POL,2019,4.44998787878788,55.119,15700.0135796738,28.6365431908873,2024-12-15 23:41:59.566486,World Bank
PRT,2019,2.68275992118076,55.422,23330.817288932,18.8327237617961,2024-12-15 23:41:59.566486,World Bank
ROU,2019,3.85316383348211,52.984,12957.9991142218,27.5918020264438,2024-12-15 23:41:59.566486,World Bank
SVK,2019,2.51125619776377,56.261,19381.8905468746,29.6043140394741,2024-12-15 23:41:59.566486,World Bank
SVN,2019,3.52267923999254,55.495,26042.4463468032,28.8649075475152,2024-12-15 23:41:59.566486,World Bank
SWE,2019,1.98619587380391,61.202,51939.4297445291,21.9037119434159,2024-12-15 23:41:59.566486,World Bank
AUT,2020,-6.63299143662553,57.648,48789.4978498872,25.4887323181175,2024-12-15 23:41:59.566486,World Bank
BEL,2020,-5.30447336526071,50.833,45587.968308319,19.3906567836726,2024-12-15 23:41:59.566486,World Bank
BGR,2020,-3.96615613627334,52.706,10148.3423954435,21.8248516452383,2024-12-15 23:41:59.566486,World Bank
CYP,2020,-3.44359637887621,57.936,28281.412109375,13.0444089859872,2024-12-15 23:41:59.566486,World Bank
CZE,2020,-5.50296796125089,58.265,22992.8793833348,30.6869294118492,2024-12-15 23:41:59.566486,World Bank
DEU,2020,-3.82676871619293,58.309,46749.4762280016,26.707376907099,2024-12-15 23:41:59.566486,World Bank
DNK,2020,-2.42451267861938,58.522,60836.5924121638,19.7206648295796,2024-12-15 23:41:59.566486,World Bank
ESP,2020,-11.1672978596983,47.577,26984.2962770279,20.1367280006434,2024-12-15 23:41:59.566486,World Bank
EST,2020,-0.965410617081545,59.077,23565.1759437969,22.7055627413258,2024-12-15 23:41:59.566486,World Bank
FIN,2020,-2.35496515679442,54.414,49169.7193388499,24.0364983742092,2024-12-15 23:41:59.566486,World Bank
FRA,2020,-7.54045916249407,50.162,39179.7442596057,16.7858585091586,2024-12-15 23:41:59.566486,World Bank
GRC,2020,-9.31643576478743,42.128,17617.2915057014,14.6670486423474,2024-12-15 23:41:59.566486,World Bank
HRV,2020,-8.52043813391506,47.198,14383.8695000306,20.5061757532778,2024-12-15 23:41:59.566486,World Bank
HUN,2020,-4.48704604765308,54.3,16131.9540355923,24.3802502634253,2024-12-15 23:41:59.566486,World Bank
IRL,2020,6.61719466830968,57.685,85973.0884875501,37.6385554930621,2024-12-15 23:41:59.566486,World Bank
ITA,2020,-8.97419212060699,44.066,31922.9191626183,21.5589284581311,2024-12-15 23:41:59.566486,World Bank
LTU,2020,-0.0246124952916773,57.007,20381.8557827478,24.9114253250224,2024-12-15 23:41:59.566486,World Bank
LUX,2020,-0.909829798886719,56.684,116905.370396853,11.3118944845976,2024-12-15 23:41:59.566486,World Bank
LVA,2020,-3.51380284197906,56.675,18096.2027073394,19.6463722932014,2024-12-15 23:41:59.566486,World Bank
MLT,2020,-8.15677876534716,58.959,29592.5714840718,13.4524241940554,2024-12-15 23:41:59.566486,World Bank
NLD,2020,-3.88608391819609,62.084,52162.5701150406,17.8568289957691,2024-12-15 23:41:59.566486,World Bank
POL,2020,-2.02007073357655,55.074,15816.819050319,28.3483311602312,2024-12-15 23:41:59.566486,World Bank
PRT,2020,-8.3005165411776,54.056,22242.406417972,19.4004549966046,2024-12-15 23:41:59.566486,World Bank
ROU,2020,-3.67751079121797,52.29,13047.4566563993,26.547935587499,2024-12-15 23:41:59.566486,World Bank
SVK,2020,-3.32972320966405,55.073,19553.2609613643,28.3577579023887,2024-12-15 23:41:59.566486,World Bank
SVN,2020,-4.24088372175214,54.906,25558.4290544506,29.2146493515283,2024-12-15 23:41:59.566486,World Bank
SWE,2020,-2.17021317885872,59.977,52837.9039778149,21.5906876161299,2024-12-15 23:41:59.566486,World Bank
AUT,2021,4.23786673253257,57.2,53517.8904509612,26.0704865756319,2024-12-15 23:41:59.566486,World Bank
BEL,2021,6.92798360287613,51.079,51863.8311565054,19.3297972763911,2024-12-15 23:41:59.566486,World Bank
BGR,2021,7.6617480742932,52.348,12219.3418706779,20.8511415758781,2024-12-15 23:41:59.566486,World Bank
CYP,2021,9.91131179221449,59.036,32745.83984375,11.9130659432926,2024-12-15 23:41:59.566486,World Bank
CZE,2021,3.55302130899085,58.155,26822.5141862111,30.2656842672528,2024-12-15 23:41:59.566486,World Bank
DEU,2021,3.16381994194575,58.346,51426.7503654421,27.0340986053712,2024-12-15 23:41:59.566486,World Bank
DNK,2021,6.84452190183443,59.388,69268.6517983134,19.5883379611709,2024-12-15 23:41:59.566486,World Bank
ESP,2021,6.40317361484541,48.931,30488.8209528797,20.3240638473685,2024-12-15 23:41:59.566486,World Bank
EST,2021,7.2493263542448,59.325,27698.4793450267,23.4017708511729,2024-12-15 23:41:59.566486,World Bank
FIN,2021,2.83817960418034,55.201,53504.6936483441,23.9906807519229,2024-12-15 23:41:59.566486,World Bank
FRA,2021,6.43520962104938,51.46,43671.3084099631,16.3956296225837,2024-12-15 23:41:59.566486,World Bank
GRC,2021,8.37994378358083,42.952,20310.6824798873,15.0781596465369,2024-12-15 23:41:59.566486,World Bank
HRV,2021,13.0411434856638,47.84,17943.415126673,20.0414841181808,2024-12-15 23:41:59.566486,World Bank
HUN,2021,7.06122060972912,56.91,18755.1023464312,24.1759579032159,2024-12-15 23:41:59.566486,World Bank
IRL,2021,15.1252197949572,59.382,102001.798249145,38.4656451748975,2024-12-15 23:41:59.566486,World Bank
ITA,2021,8.3102399077017,43.956,36441.0598048734,23.1961729032425,2024-12-15 23:41:59.566486,World Bank
LTU,2021,6.28471003860921,57.404,23849.6156993566,24.882103431689,2024-12-15 23:41:59.566486,World Bank
LUX,2021,7.16840198697749,58.669,133711.794435985,10.7209988936008,2024-12-15 23:41:59.566486,World Bank
LVA,2021,6.73173527824665,55.66,20930.3982374189,20.3511614704783,2024-12-15 23:41:59.566486,World Bank
MLT,2021,12.5139471706304,60.607,34951.7081679971,12.573638993228,2024-12-15 23:41:59.566486,World Bank
NLD,2021,6.19185710427116,62.201,58727.8705471475,18.161654148293,2024-12-15 23:41:59.566486,World Bank
POL,2021,6.93498038387065,56.023,18050.2778862996,28.104717740495,2024-12-15 23:41:59.566486,World Bank
PRT,2021,5.73743721854339,54.006,24661.1664874576,19.2426810934338,2024-12-15 23:41:59.566486,World Bank
ROU,2021,5.70889455766321,48.215,14946.624968678,26.0492857646243,2024-12-15 23:41:59.566486,World Bank
SVK,2021,4.77122142450317,56.35,21765.722502093,28.5985231695446,2024-12-15 23:41:59.566486,World Bank
SVN,2021,8.22849988578498,55.708,29331.0647010043,28.4264486436596,2024-12-15 23:41:59.566486,World Bank
SWE,2021,6.14702464708019,60.053,61417.6808766469,22.6925697313325,2024-12-15 23:41:59.566486,World Bank
AUT,2022,4.80643020178459,58.441,52084.6811953372,26.1068838876749,2024-12-15 23:41:59.566486,World Bank
BEL,2022,3.01472197492703,52.036,49942.0906424887,20.0459678279335,2024-12-15 23:41:59.566486,World Bank
BGR,2022,3.92643222124569,54.183,13974.4492487792,25.4501141822116,2024-12-15 23:41:59.566486,World Bank
CYP,2022,5.05812800841309,60.686,32048.248046875,12.1094862656154,2024-12-15 23:41:59.566486,World Bank
CZE,2022,2.35100353961535,58.57,27226.6156386023,29.6113952762607,2024-12-15 23:41:59.566486,World Bank
DEU,2022,1.80620896724351,59.375,48717.9911402128,26.9021953616504,2024-12-15 23:41:59.566486,World Bank
DNK,2022,2.73117445421431,60.591,67790.0539923276,19.656297094729,2024-12-15 23:41:59.566486,World Bank
ESP,2022,5.77064767618052,50.082,29674.5442864413,20.7946214173296,2024-12-15 23:41:59.566486,World Bank
EST,2022,-0.461002668410416,61.512,28114.1431760201,23.9599724962879,2024-12-15 23:41:59.566486,World Bank
FIN,2022,1.33546730512326,56.321,50734.7107480889,25.137940953427,2024-12-15 23:41:59.566486,World Bank
FRA,2022,2.45475817660707,52.07,40886.2532680273,16.8221115444251,2024-12-15 23:41:59.566486,World Bank
GRC,2022,5.55728707963308,45.357,20867.2690861087,16.8228635746382,2024-12-15 23:41:59.566486,World Bank
HRV,2022,7.02722588804099,48.66,18673.1779905036,19.7997978863511,2024-12-15 23:41:59.566486,World Bank
HUN,2022,4.58340767295068,58.227,18355.8278072065,24.6483648818031,2024-12-15 23:41:59.566486,World Bank
IRL,2022,9.43302211023355,61.935,103983.29133582,41.4855667741447,2024-12-15 23:41:59.566486,World Bank
ITA,2022,3.98589744251659,45.138,35068.8359738449,23.5441113102211,2024-12-15 23:41:59.566486,World Bank
LTU,2022,2.44017546498974,58.416,25078.7453655669,25.7245756851364,2024-12-15 23:41:59.566486,World Bank
LUX,2022,1.38018589083207,58.779,125006.021815486,10.3967225167357,2024-12-15 23:41:59.566486,World Bank
LVA,2022,2.95473177143623,56.939,21508.4003332167,21.4500361809835,2024-12-15 23:41:59.566486,World Bank
MLT,2022,8.07553911825327,62.038,34563.3966270232,12.3697434390955,2024-12-15 23:41:59.566486,World Bank
NLD,2022,4.32891831787197,63.118,57025.01245598,19.5092791291838,2024-12-15 23:41:59.566486,World Bank
POL,2022,5.63756676578897,56.883,18732.4977273198,29.0556647948906,2024-12-15 23:41:59.566486,World Bank
PRT,2022,6.82751087594069,55.078,24515.2657495716,18.6208327850353,2024-12-15 23:41:59.566486,World Bank
ROU,2022,4.10702720241547,48.894,15692.3071700143,28.1670671627423,2024-12-15 23:41:59.566486,World Bank
SVK,2022,1.87003619871018,57.724,21279.4589247729,26.3324805125212,2024-12-15 23:41:59.566486,World Bank
SVN,2022,2.46078331366104,56.538,28439.3340989687,28.1375741936873,2024-12-15 23:41:59.566486,World Bank
SWE,2022,2.66319953969133,61.343,56299.5057328064,23.9507290484499,2024-12-15 23:41:59.566486,World Bank
AUT,2023,-0.828815088963225,58.453,56505.9682796867,26.2612839730825,2024-12-15 23:41:59.566486,World Bank
BEL,2023,1.36505523054922,51.878,53475.2934952935,18.4421759644152,2024-12-15 23:41:59.566486,World Bank
BGR,2023,1.84638956019879,53.74,15797.5955773596,25.3664347046503,2024-12-15 23:41:59.566486,World Bank
CYP,2023,2.46693496487094,61.134,34701.44140625,12.2263256263665,2024-12-15 23:41:59.566486,World Bank
CZE,2023,-0.311479452106369,58.552,30427.4234688601,30.159613671384,2024-12-15 23:41:59.566486,World Bank
DEU,2023,-0.304934575740816,59.779,52745.7557064131,28.0818507410535,2024-12-15 23:41:59.566486,World Bank
DNK,2023,1.88961038591202,60.534,67967.3818685562,21.4859724547199,2024-12-15 23:41:59.566486,World Bank
ESP,2023,2.50329435985475,50.602,32676.9837109377,20.2409348452584,2024-12-15 23:41:59.566486,World Bank
EST,2023,-3.00559012612986,61.393,29823.7496069016,22.3084445044547,2024-12-15 23:41:59.566486,World Bank
FIN,2023,-1.03537569285423,56.384,53755.9117362796,24.5327330031517,2024-12-15 23:41:59.566486,World Bank
FRA,2023,0.703718546620237,52.29,44460.8178457009,18.6508508437088,2024-12-15 23:41:59.566486,World Bank
GRC,2023,2.01152094343999,46.281,22990.0135680461,15.6555046160799,2024-12-15 23:41:59.566486,World Bank
HRV,2023,3.06087128780983,49.327,21459.7847808036,18.7710625829327,2024-12-15 23:41:59.566486,World Bank
HUN,2023,-0.907685956140242,58.468,22147.2097290479,24.320183560803,2024-12-15 23:41:59.566486,World Bank
IRL,2023,-3.1987859599287,62.15,103684.880801837,37.5918139937858,2024-12-15 23:41:59.566486,World Bank
ITA,2023,0.920692213760276,45.942,38373.1660497534,23.1258148412209,2024-12-15 23:41:59.566486,World Bank
LTU,2023,-0.336086244470295,58.1,27102.7815282971,24.0765091865759,2024-12-15 23:41:59.566486,World Bank
LUX,2023,-1.09572361576994,59.128,128259.402583282,10.4719500491378,2024-12-15 23:41:59.566486,World Bank
LVA,2023,-0.2825395584007,57.451,23184.3116680149,20.9340759186169,2024-12-15 23:41:59.566486,World Bank
MLT,2023,5.61392778297829,63.562,37882.2651856816,12.1281243088628,2024-12-15 23:41:59.566486,World Bank
NLD,2023,0.116008634532122,63.735,62536.7320298151,19.3604787222726,2024-12-15 23:41:59.566486,World Bank
POL,2023,0.160586011025046,57.275,22112.861574706,28.6769417181773,2024-12-15 23:41:59.566486,World Bank
PRT,2023,2.26125478073125,55.358,27275.1115544691,18.018784145124,2024-12-15 23:41:59.566486,World Bank
ROU,2023,2.14847699574527,48.743,18419.4187120644,27.5955316394068,2024-12-15 23:41:59.566486,World Bank
SVK,2023,1.59645497115139,58.064,24470.238537883,32.7202251198664,2024-12-15 23:41:59.566486,World Bank
SVN,2023,1.58689938286867,56.462,32163.5114152484,29.1264604749773,2024-12-15 23:41:59.566486,World Bank
SWE,2023,-0.196170994604543,61.769,56305.250200767,22.779159370807,2024-12-15 23:41:59.566486,World Bank
